step,lr
1,1e-06
2,2e-06
3,3e-06
4,4e-06
5,5e-06
6,6e-06
7,7e-06
8,8e-06
9,9e-06
10,1e-05
11,1.1e-05
12,1.2e-05
13,1.3000000000000001e-05
14,1.4e-05
15,1.4999999999999999e-05
16,1.6e-05
17,1.7e-05
18,1.8e-05
19,1.9e-05
20,2e-05
21,2.1000000000000002e-05
22,2.2e-05
23,2.3e-05
24,2.4e-05
25,2.5e-05
26,2.6000000000000002e-05
27,2.7e-05
28,2.8e-05
29,2.9e-05
30,2.9999999999999997e-05
31,3.1e-05
32,3.2e-05
33,3.3e-05
34,3.4e-05
35,3.5000000000000004e-05
36,3.6e-05
37,3.7e-05
38,3.8e-05
39,3.9e-05
40,4e-05
41,4.1e-05
42,4.2000000000000004e-05
43,4.3e-05
44,4.4e-05
45,4.4999999999999996e-05
46,4.6e-05
47,4.7e-05
48,4.8e-05
49,4.9000000000000005e-05
50,5e-05
51,5.1000000000000006e-05
52,5.2000000000000004e-05
53,5.3e-05
54,5.4e-05
55,5.5e-05
56,5.6e-05
57,5.7e-05
58,5.8e-05
59,5.9000000000000004e-05
60,5.9999999999999995e-05
61,6.1e-05
62,6.2e-05
63,6.3e-05
64,6.4e-05
65,6.500000000000001e-05
66,6.6e-05
67,6.7e-05
68,6.8e-05
69,6.900000000000001e-05
70,7.000000000000001e-05
71,7.1e-05
72,7.2e-05
73,7.3e-05
74,7.4e-05
75,7.5e-05
76,7.6e-05
77,7.7e-05
78,7.8e-05
79,7.9e-05
80,8e-05
81,8.1e-05
82,8.2e-05
83,8.3e-05
84,8.400000000000001e-05
85,8.5e-05
86,8.6e-05
87,8.700000000000001e-05
88,8.8e-05
89,8.9e-05
90,8.999999999999999e-05
91,9.1e-05
92,9.2e-05
93,9.3e-05
94,9.4e-05
95,9.5e-05
96,9.6e-05
97,9.7e-05
98,9.800000000000001e-05
99,9.900000000000001e-05
100,0.0001
101,0.000101
102,0.00010200000000000001
103,0.00010300000000000001
104,0.00010400000000000001
105,0.00010499999999999999
106,0.000106
107,0.000107
108,0.000108
109,0.00010899999999999999
110,0.00011
111,0.000111
112,0.000112
113,0.00011300000000000001
114,0.000114
115,0.000115
116,0.000116
117,0.00011700000000000001
118,0.00011800000000000001
119,0.000119
120,0.00011999999999999999
121,0.000121
122,0.000122
123,0.000123
124,0.000124
125,0.000125
126,0.000126
127,0.000127
128,0.000128
129,0.000129
130,0.00013000000000000002
131,0.000131
132,0.000132
133,0.000133
134,0.000134
135,0.000135
136,0.000136
137,0.00013700000000000002
138,0.00013800000000000002
139,0.00013900000000000002
140,0.00014000000000000001
141,0.000141
142,0.000142
143,0.000143
144,0.000144
145,0.000145
146,0.000146
147,0.000147
148,0.000148
149,0.000149
150,0.00015
151,0.00015099999999999998
152,0.000152
153,0.000153
154,0.000154
155,0.000155
156,0.000156
157,0.000157
158,0.000158
159,0.00015900000000000002
160,0.00016
161,0.000161
162,0.000162
163,0.000163
164,0.000164
165,0.000165
166,0.000166
167,0.00016700000000000002
168,0.00016800000000000002
169,0.00016900000000000002
170,0.00017
171,0.000171
172,0.000172
173,0.000173
174,0.00017400000000000003
175,0.00017500000000000003
176,0.000176
177,0.000177
178,0.000178
179,0.000179
180,0.00017999999999999998
181,0.00018099999999999998
182,0.000182
183,0.000183
184,0.000184
185,0.000185
186,0.000186
187,0.000187
188,0.000188
189,0.000189
190,0.00019
191,0.000191
192,0.000192
193,0.000193
194,0.000194
195,0.000195
196,0.00019600000000000002
197,0.00019700000000000002
198,0.00019800000000000002
199,0.000199
200,0.0002
201,0.000201
202,0.000202
203,0.000203
204,0.00020400000000000003
205,0.00020500000000000002
206,0.00020600000000000002
207,0.00020700000000000002
208,0.00020800000000000001
209,0.00020899999999999998
210,0.00020999999999999998
211,0.000211
212,0.000212
213,0.000213
214,0.000214
215,0.000215
216,0.000216
217,0.000217
218,0.00021799999999999999
219,0.000219
220,0.00022
221,0.000221
222,0.000222
223,0.000223
224,0.000224
225,0.000225
226,0.00022600000000000002
227,0.00022700000000000002
228,0.000228
229,0.000229
230,0.00023
231,0.000231
232,0.000232
233,0.00023300000000000003
234,0.00023400000000000002
235,0.00023500000000000002
236,0.00023600000000000002
237,0.00023700000000000001
238,0.000238
239,0.000239
240,0.00023999999999999998
241,0.000241
242,0.000242
243,0.000243
244,0.000244
245,0.000245
246,0.000246
247,0.000247
248,0.000248
249,0.000249
250,0.00025
251,0.000251
252,0.000252
253,0.000253
254,0.000254
255,0.000255
256,0.000256
257,0.000257
258,0.000258
259,0.000259
260,0.00026000000000000003
261,0.000261
262,0.000262
263,0.000263
264,0.000264
265,0.000265
266,0.000266
267,0.00026700000000000004
268,0.000268
269,0.00026900000000000003
270,0.00027
271,0.00027100000000000003
272,0.000272
273,0.000273
274,0.00027400000000000005
275,0.000275
276,0.00027600000000000004
277,0.000277
278,0.00027800000000000004
279,0.000279
280,0.00028000000000000003
281,0.00028100000000000005
282,0.000282
283,0.00028300000000000005
284,0.000284
285,0.00028500000000000004
286,0.000286
287,0.00028700000000000004
288,0.000288
289,0.000289
290,0.00029
291,0.00029099999999999997
292,0.000292
293,0.00029299999999999997
294,0.000294
295,0.00029499999999999996
296,0.000296
297,0.000297
298,0.000298
299,0.000299
300,0.0003
301,0.000301
302,0.00030199999999999997
303,0.000303
304,0.000304
305,0.000305
306,0.000306
307,0.000307
308,0.000308
309,0.000309
310,0.00031
311,0.000311
312,0.000312
313,0.000313
314,0.000314
315,0.000315
316,0.000316
317,0.000317
318,0.00031800000000000003
319,0.000319
320,0.00032
321,0.000321
322,0.000322
323,0.000323
324,0.000324
325,0.000325
326,0.000326
327,0.00032700000000000003
328,0.000328
329,0.00032900000000000003
330,0.00033
331,0.000331
332,0.000332
333,0.000333
334,0.00033400000000000004
335,0.000335
336,0.00033600000000000004
337,0.000337
338,0.00033800000000000003
339,0.000339
340,0.00034
341,0.00034100000000000005
342,0.000342
343,0.00034300000000000004
344,0.000344
345,0.00034500000000000004
346,0.000346
347,0.00034700000000000003
348,0.00034800000000000006
349,0.000349
350,0.00035000000000000005
351,0.000351
352,0.000352
353,0.00035299999999999996
354,0.000354
355,0.00035499999999999996
356,0.000356
357,0.000357
358,0.000358
359,0.000359
360,0.00035999999999999997
361,0.000361
362,0.00036199999999999996
363,0.000363
364,0.000364
365,0.000365
366,0.000366
367,0.000367
368,0.000368
369,0.00036899999999999997
370,0.00037
371,0.000371
372,0.000372
373,0.000373
374,0.000374
375,0.000375
376,0.000376
377,0.000377
378,0.000378
379,0.000379
380,0.00038
381,0.000381
382,0.000382
383,0.000383
384,0.000384
385,0.00038500000000000003
386,0.000386
387,0.00038700000000000003
388,0.000388
389,0.000389
390,0.00039
391,0.000391
392,0.00039200000000000004
393,0.000393
394,0.00039400000000000004
395,0.000395
396,0.00039600000000000003
397,0.000397
398,0.000398
399,0.000399
400,0.0004
401,0.00040100000000000004
402,0.000402
403,0.00040300000000000004
404,0.000404
405,0.00040500000000000003
406,0.000406
407,0.000407
408,0.00040800000000000005
409,0.000409
410,0.00041000000000000005
411,0.000411
412,0.00041200000000000004
413,0.000413
414,0.00041400000000000003
415,0.00041500000000000006
416,0.00041600000000000003
417,0.000417
418,0.00041799999999999997
419,0.000419
420,0.00041999999999999996
421,0.000421
422,0.000422
423,0.000423
424,0.000424
425,0.000425
426,0.000426
427,0.00042699999999999997
428,0.000428
429,0.000429
430,0.00043
431,0.000431
432,0.000432
433,0.000433
434,0.000434
435,0.000435
436,0.00043599999999999997
437,0.000437
438,0.000438
439,0.000439
440,0.00044
441,0.000441
442,0.000442
443,0.000443
444,0.000444
445,0.00044500000000000003
446,0.000446
447,0.000447
448,0.000448
449,0.000449
450,0.00045
451,0.000451
452,0.00045200000000000004
453,0.000453
454,0.00045400000000000003
455,0.000455
456,0.000456
457,0.000457
458,0.000458
459,0.00045900000000000004
460,0.00046
461,0.00046100000000000004
462,0.000462
463,0.00046300000000000003
464,0.000464
465,0.000465
466,0.00046600000000000005
467,0.000467
468,0.00046800000000000005
469,0.000469
470,0.00047000000000000004
471,0.000471
472,0.00047200000000000003
473,0.000473
474,0.00047400000000000003
475,0.00047500000000000005
476,0.000476
477,0.00047700000000000005
478,0.000478
479,0.00047900000000000004
480,0.00047999999999999996
481,0.000481
482,0.000482
483,0.000483
484,0.000484
485,0.00048499999999999997
486,0.000486
487,0.00048699999999999997
488,0.000488
489,0.000489
490,0.00049
491,0.000491
492,0.000492
493,0.000493
494,0.000494
495,0.000495
496,0.000496
497,0.000497
498,0.000498
499,0.000499
500,0.0005
501,0.000501
502,0.000502
503,0.000503
504,0.000504
505,0.000505
506,0.000506
507,0.000507
508,0.000508
509,0.000509
510,0.00051
511,0.0005110000000000001
512,0.000512
513,0.000513
514,0.000514
515,0.000515
516,0.000516
517,0.000517
518,0.000518
519,0.000519
520,0.0005200000000000001
521,0.000521
522,0.000522
523,0.000523
524,0.000524
525,0.0005250000000000001
526,0.000526
527,0.000527
528,0.000528
529,0.0005290000000000001
530,0.00053
531,0.000531
532,0.000532
533,0.000533
534,0.0005340000000000001
535,0.000535
536,0.000536
537,0.000537
538,0.0005380000000000001
539,0.000539
540,0.00054
541,0.000541
542,0.0005420000000000001
543,0.0005430000000000001
544,0.000544
545,0.000545
546,0.000546
547,0.0005470000000000001
548,0.0005480000000000001
549,0.000549
550,0.00055
551,0.0005510000000000001
552,0.0005520000000000001
553,0.000553
554,0.000554
555,0.000555
556,0.0005560000000000001
557,0.0005570000000000001
558,0.000558
559,0.000559
560,0.0005600000000000001
561,0.0005610000000000001
562,0.0005620000000000001
563,0.000563
564,0.000564
565,0.0005650000000000001
566,0.0005660000000000001
567,0.000567
568,0.000568
569,0.0005690000000000001
570,0.0005700000000000001
571,0.0005710000000000001
572,0.000572
573,0.000573
574,0.0005740000000000001
575,0.0005750000000000001
576,0.000576
577,0.0005769999999999999
578,0.000578
579,0.000579
580,0.00058
581,0.0005809999999999999
582,0.0005819999999999999
583,0.000583
584,0.000584
585,0.000585
586,0.0005859999999999999
587,0.000587
588,0.000588
589,0.000589
590,0.0005899999999999999
591,0.0005909999999999999
592,0.000592
593,0.000593
594,0.000594
595,0.0005949999999999999
596,0.000596
597,0.000597
598,0.000598
599,0.0005989999999999999
600,0.0006
601,0.000601
602,0.000602
603,0.000603
604,0.0006039999999999999
605,0.000605
606,0.000606
607,0.000607
608,0.000608
609,0.000609
610,0.00061
611,0.000611
612,0.000612
613,0.0006129999999999999
614,0.000614
615,0.000615
616,0.000616
617,0.000617
618,0.000618
619,0.000619
620,0.00062
621,0.000621
622,0.000622
623,0.000623
624,0.000624
625,0.000625
626,0.000626
627,0.000627
628,0.000628
629,0.000629
630,0.00063
631,0.000631
632,0.000632
633,0.000633
634,0.000634
635,0.000635
636,0.0006360000000000001
637,0.000637
638,0.000638
639,0.000639
640,0.00064
641,0.000641
642,0.000642
643,0.000643
644,0.000644
645,0.0006450000000000001
646,0.000646
647,0.000647
648,0.000648
649,0.0006490000000000001
650,0.00065
651,0.000651
652,0.000652
653,0.000653
654,0.0006540000000000001
655,0.000655
656,0.000656
657,0.000657
658,0.0006580000000000001
659,0.0006590000000000001
660,0.00066
661,0.000661
662,0.000662
663,0.0006630000000000001
664,0.000664
665,0.000665
666,0.000666
667,0.0006670000000000001
668,0.0006680000000000001
669,0.000669
670,0.00067
671,0.000671
672,0.0006720000000000001
673,0.0006730000000000001
674,0.000674
675,0.000675
676,0.0006760000000000001
677,0.0006770000000000001
678,0.000678
679,0.000679
680,0.00068
681,0.0006810000000000001
682,0.0006820000000000001
683,0.000683
684,0.000684
685,0.0006850000000000001
686,0.0006860000000000001
687,0.000687
688,0.000688
689,0.000689
690,0.0006900000000000001
691,0.0006910000000000001
692,0.000692
693,0.000693
694,0.0006940000000000001
695,0.0006950000000000001
696,0.0006960000000000001
697,0.000697
698,0.000698
699,0.0006990000000000001
700,0.0007000000000000001
701,0.000701
702,0.000702
703,0.0007030000000000001
704,0.000704
705,0.000705
706,0.0007059999999999999
707,0.000707
708,0.000708
709,0.000709
710,0.0007099999999999999
711,0.0007109999999999999
712,0.000712
713,0.000713
714,0.000714
715,0.0007149999999999999
716,0.000716
717,0.000717
718,0.000718
719,0.000719
720,0.0007199999999999999
721,0.000721
722,0.000722
723,0.000723
724,0.0007239999999999999
725,0.000725
726,0.000726
727,0.000727
728,0.000728
729,0.0007289999999999999
730,0.00073
731,0.000731
732,0.000732
733,0.000733
734,0.000734
735,0.000735
736,0.000736
737,0.000737
738,0.0007379999999999999
739,0.000739
740,0.00074
741,0.000741
742,0.000742
743,0.000743
744,0.000744
745,0.000745
746,0.000746
747,0.000747
748,0.000748
749,0.000749
750,0.00075
751,0.000751
752,0.000752
753,0.000753
754,0.000754
755,0.000755
756,0.000756
757,0.000757
758,0.000758
759,0.000759
760,0.00076
761,0.000761
762,0.000762
763,0.000763
764,0.000764
765,0.0007650000000000001
766,0.000766
767,0.000767
768,0.000768
769,0.000769
770,0.0007700000000000001
771,0.000771
772,0.000772
773,0.000773
774,0.0007740000000000001
775,0.000775
776,0.000776
777,0.000777
778,0.000778
779,0.0007790000000000001
780,0.00078
781,0.000781
782,0.000782
783,0.0007830000000000001
784,0.0007840000000000001
785,0.000785
786,0.000786
787,0.000787
788,0.0007880000000000001
789,0.000789
790,0.00079
791,0.000791
792,0.0007920000000000001
793,0.0007930000000000001
794,0.000794
795,0.000795
796,0.000796
797,0.0007970000000000001
798,0.000798
799,0.000799
800,0.0008
801,0.0008010000000000001
802,0.0008020000000000001
803,0.000803
804,0.000804
805,0.000805
806,0.0008060000000000001
807,0.0008070000000000001
808,0.000808
809,0.000809
810,0.0008100000000000001
811,0.0008110000000000001
812,0.000812
813,0.000813
814,0.000814
815,0.0008150000000000001
816,0.0008160000000000001
817,0.000817
818,0.000818
819,0.0008190000000000001
820,0.0008200000000000001
821,0.0008210000000000001
822,0.000822
823,0.0008230000000000001
824,0.0008240000000000001
825,0.0008250000000000001
826,0.000826
827,0.000827
828,0.0008280000000000001
829,0.0008290000000000001
830,0.0008300000000000001
831,0.000831
832,0.0008320000000000001
833,0.000833
834,0.000834
835,0.0008349999999999999
836,0.0008359999999999999
837,0.000837
838,0.000838
839,0.000839
840,0.0008399999999999999
841,0.000841
842,0.000842
843,0.000843
844,0.000844
845,0.0008449999999999999
846,0.000846
847,0.000847
848,0.000848
849,0.0008489999999999999
850,0.00085
851,0.000851
852,0.000852
853,0.000853
854,0.0008539999999999999
855,0.000855
856,0.000856
857,0.000857
858,0.000858
859,0.000859
860,0.00086
861,0.000861
862,0.000862
863,0.0008629999999999999
864,0.000864
865,0.000865
866,0.000866
867,0.000867
868,0.000868
869,0.000869
870,0.00087
871,0.000871
872,0.0008719999999999999
873,0.000873
874,0.000874
875,0.000875
876,0.000876
877,0.000877
878,0.000878
879,0.000879
880,0.00088
881,0.0008810000000000001
882,0.000882
883,0.000883
884,0.000884
885,0.000885
886,0.000886
887,0.000887
888,0.000888
889,0.000889
890,0.0008900000000000001
891,0.000891
892,0.000892
893,0.000893
894,0.000894
895,0.0008950000000000001
896,0.000896
897,0.000897
898,0.000898
899,0.0008990000000000001
900,0.0009
901,0.000901
902,0.000902
903,0.000903
904,0.0009040000000000001
905,0.000905
906,0.000906
907,0.000907
908,0.0009080000000000001
909,0.000909
910,0.00091
911,0.000911
912,0.000912
913,0.0009130000000000001
914,0.000914
915,0.000915
916,0.000916
917,0.0009170000000000001
918,0.0009180000000000001
919,0.000919
920,0.00092
921,0.000921
922,0.0009220000000000001
923,0.000923
924,0.000924
925,0.000925
926,0.0009260000000000001
927,0.0009270000000000001
928,0.000928
929,0.000929
930,0.00093
931,0.0009310000000000001
932,0.0009320000000000001
933,0.000933
934,0.000934
935,0.0009350000000000001
936,0.0009360000000000001
937,0.000937
938,0.000938
939,0.0009390000000000001
940,0.0009400000000000001
941,0.0009410000000000001
942,0.000942
943,0.000943
944,0.0009440000000000001
945,0.0009450000000000001
946,0.000946
947,0.000947
948,0.0009480000000000001
949,0.0009490000000000001
950,0.0009500000000000001
951,0.000951
952,0.000952
953,0.0009530000000000001
954,0.0009540000000000001
955,0.0009550000000000001
956,0.000956
957,0.0009570000000000001
958,0.0009580000000000001
959,0.0009590000000000001
960,0.0009599999999999999
961,0.0009609999999999999
962,0.000962
963,0.000963
964,0.000964
965,0.0009649999999999999
966,0.000966
967,0.000967
968,0.000968
969,0.000969
970,0.0009699999999999999
971,0.000971
972,0.000972
973,0.000973
974,0.0009739999999999999
975,0.000975
976,0.000976
977,0.000977
978,0.000978
979,0.000979
980,0.00098
981,0.0009809999999999999
982,0.000982
983,0.000983
984,0.000984
985,0.000985
986,0.000986
987,0.000987
988,0.000988
989,0.000989
990,0.00099
991,0.000991
992,0.000992
993,0.000993
994,0.000994
995,0.000995
996,0.000996
997,0.000997
998,0.000998
999,0.000999
1000,0.001
1001,0.0009999999725844324
